Year,Commodity,County,YIELD_LBS_PER_ACRE
2023,CORN,ALAMANCE,16660.135
2023,CORN,ALEXANDER,16733.982
2023,CORN,ALLEGHANY,24073.242
2023,CORN,ANSON,10413.84
2023,CORN,ASHE,20229.785
2023,CORN,AVERY,7900.594
2023,CORN,BEAUFORT,7985.135
2023,CORN,BERTIE,7234.165
2023,CORN,BLADEN,5822.8486
2023,CORN,BRUNSWICK,5344.7485
2023,CORN,BUNCOMBE,15702.045
2023,CORN,BURKE,13419.223
2023,CORN,CABARRUS,21601.92
2023,CORN,CALDWELL,15612.68
2023,CORN,CAMDEN,8572.194
2023,CORN,CARTERET,6566.8228
2023,CORN,CASWELL,25899.746
2023,CORN,CATAWBA,22330.361
2023,CORN,CHATHAM,16212.568
2023,CORN,CHEROKEE,13395.474
2023,CORN,CHOWAN,9280.644
2023,CORN,CLAY,15920.522
2023,CORN,CLEVELAND,20003.977
2023,CORN,COLUMBUS,7106.2583
2023,CORN,CRAVEN,7444.399
2023,CORN,CUMBERLAND,6806.232
2023,CORN,CURRITUCK,7532.5835
2023,CORN,DARE,10398.069
2023,CORN,DAVIDSON,21468.922
2023,CORN,DAVIE,13014.577
2023,CORN,DUPLIN,6624.8276
2023,CORN,DURHAM,20931.506
2023,CORN,EDGECOMBE,7232.4136
2023,CORN,FORSYTH,19918.367
2023,CORN,FRANKLIN,22636.518
2023,CORN,GASTON,17800.787
2023,CORN,GATES,7209.083
2023,CORN,GRAHAM,7043.078
2023,CORN,GRANVILLE,11946.486
2023,CORN,GREENE,6967.648
2023,CORN,GUILFORD,16999.324
2023,CORN,HALIFAX,20283.52
2023,CORN,HARNETT,7198.6143
2023,CORN,HAYWOOD,24624.46
2023,CORN,HENDERSON,22242.05
2023,CORN,HERTFORD,6523.508
2023,CORN,HOKE,5260.974
2023,CORN,HYDE,9330.621
2023,CORN,IREDELL,21173.807
2023,CORN,JACKSON,14452.27
2023,CORN,JOHNSTON,2526.6426
2023,CORN,JONES,6535.4272
2023,CORN,LEE,8353.425
2023,CORN,LENOIR,12009.212
2023,CORN,LINCOLN,20261.168
2023,CORN,MACON,18084.352
2023,CORN,MADISON,19568.334
2023,CORN,MARTIN,7822.522
2023,CORN,MCDOWELL,24714.143
2023,CORN,MECKLENBURG,17351.361
2023,CORN,MITCHELL,7147.378
2023,CORN,MONTGOMERY,10255.78
2023,CORN,MOORE,9692.102
2023,CORN,NASH,8825.978
2023,CORN,NEW HANOVER,5984.5747
2023,CORN,NORTHAMPTON,14355.56
2023,CORN,ONSLOW,9078.614
2023,CORN,ORANGE,18023.725
2023,CORN,PAMLICO,8708.829
2023,CORN,PASQUOTANK,8337.148
2023,CORN,PENDER,6689.0444
2023,CORN,PERQUIMANS,8771.067
2023,CORN,PERSON,29463.006
2023,CORN,PITT,3338.6726
2023,CORN,POLK,15682.775
2023,CORN,RANDOLPH,19211.783
2023,CORN,RICHMOND,5016.3345
2023,CORN,ROBESON,8698.733
2023,CORN,ROCKINGHAM,24462.637
2023,CORN,ROWAN,17152.447
2023,CORN,RUTHERFORD,25158.172
2023,CORN,SAMPSON,11073.36
2023,CORN,SCOTLAND,9648.014
2023,CORN,STANLY,17612.611
2023,CORN,STOKES,29495.482
2023,CORN,SURRY,21241.432
2023,CORN,SWAIN,13381.507
2023,CORN,TRANSYLVANIA,30670.47
2023,CORN,TYRRELL,7529.5938
2023,CORN,UNION,15634.466
2023,CORN,VANCE,20400.719
2023,CORN,WAKE,16186.621
2023,CORN,WARREN,15847.476
2023,CORN,WASHINGTON,8743.334
2023,CORN,WATAUGA,17592.545
2023,CORN,WAYNE,14784.74
2023,CORN,WILKES,19595.027
2023,CORN,WILSON,6276.6147
2023,CORN,YADKIN,15404.612
2023,CORN,YANCEY,18960.848
2023,COTTON,ALAMANCE,460.26086
2023,COTTON,ALEXANDER,648.5834
2023,COTTON,ALLEGHANY,775.85583
2023,COTTON,ANSON,691.34717
2023,COTTON,ASHE,691.2159
2023,COTTON,AVERY,781.0181
2023,COTTON,BEAUFORT,764.51447
2023,COTTON,BERTIE,695.5405
2023,COTTON,BLADEN,620.12866
2023,COTTON,BRUNSWICK,633.8036
2023,COTTON,BUNCOMBE,609.18567
2023,COTTON,BURKE,618.74744
2023,COTTON,CABARRUS,466.49997
2023,COTTON,CALDWELL,711.5501
2023,COTTON,CAMDEN,682.58966
2023,COTTON,CARTERET,635.62787
2023,COTTON,CASWELL,572.5798
2023,COTTON,CATAWBA,501.7886
2023,COTTON,CHATHAM,487.8178
2023,COTTON,CHEROKEE,713.56866
2023,COTTON,CHOWAN,800.532
2023,COTTON,CLAY,676.92206
2023,COTTON,CLEVELAND,641.43945
2023,COTTON,COLUMBUS,604.75745
2023,COTTON,CRAVEN,609.0696
2023,COTTON,CUMBERLAND,572.63245
2023,COTTON,CURRITUCK,647.7541
2023,COTTON,DARE,643.6636
2023,COTTON,DAVIDSON,649.61383
2023,COTTON,DAVIE,407.6237
2023,COTTON,DUPLIN,471.04263
2023,COTTON,DURHAM,710.9803
2023,COTTON,EDGECOMBE,634.3135
2023,COTTON,FORSYTH,505.5918
2023,COTTON,FRANKLIN,646.07
2023,COTTON,GASTON,365.98224
2023,COTTON,GATES,697.235
2023,COTTON,GRAHAM,537.7676
2023,COTTON,GRANVILLE,519.8164
2023,COTTON,GREENE,653.7787
2023,COTTON,GUILFORD,554.28955
2023,COTTON,HALIFAX,662.0591
2023,COTTON,HARNETT,673.95886
2023,COTTON,HAYWOOD,711.2756
2023,COTTON,HENDERSON,639.54944
2023,COTTON,HERTFORD,634.72125
2023,COTTON,HOKE,667.6128
2023,COTTON,HYDE,954.05786
2023,COTTON,IREDELL,639.6486
2023,COTTON,JACKSON,632.2194
2023,COTTON,JOHNSTON,635.6866
2023,COTTON,JONES,690.65625
2023,COTTON,LEE,704.3852
2023,COTTON,LENOIR,611.8916
2023,COTTON,LINCOLN,348.9716
2023,COTTON,MACON,565.8372
2023,COTTON,MADISON,675.45776
2023,COTTON,MARTIN,599.3842
2023,COTTON,MCDOWELL,636.72723
2023,COTTON,MECKLENBURG,630.0863
2023,COTTON,MITCHELL,721.92224
2023,COTTON,MONTGOMERY,689.95276
2023,COTTON,MOORE,638.8823
2023,COTTON,NASH,665.88275
2023,COTTON,NEW HANOVER,668.3412
2023,COTTON,NORTHAMPTON,573.11957
2023,COTTON,ONSLOW,590.10394
2023,COTTON,ORANGE,536.1803
2023,COTTON,PAMLICO,768.66
2023,COTTON,PASQUOTANK,692.97186
2023,COTTON,PENDER,589.17224
2023,COTTON,PERQUIMANS,738.67456
2023,COTTON,PERSON,556.7131
2023,COTTON,PITT,685.2884
2023,COTTON,POLK,589.96484
2023,COTTON,RANDOLPH,561.18555
2023,COTTON,RICHMOND,600.0098
2023,COTTON,ROBESON,602.23315
2023,COTTON,ROCKINGHAM,590.7085
2023,COTTON,ROWAN,550.47675
2023,COTTON,RUTHERFORD,596.998
2023,COTTON,SAMPSON,499.71967
2023,COTTON,SCOTLAND,660.4115
2023,COTTON,STANLY,702.1513
2023,COTTON,STOKES,643.7288
2023,COTTON,SURRY,766.70886
2023,COTTON,SWAIN,625.4596
2023,COTTON,TRANSYLVANIA,791.9466
2023,COTTON,TYRRELL,870.0729
2023,COTTON,UNION,811.76953
2023,COTTON,VANCE,539.9616
2023,COTTON,WAKE,681.18945
2023,COTTON,WARREN,723.83954
2023,COTTON,WASHINGTON,705.54865
2023,COTTON,WATAUGA,693.18774
2023,COTTON,WAYNE,583.26385
2023,COTTON,WILKES,822.80316
2023,COTTON,WILSON,675.656
2023,COTTON,YADKIN,657.8328
2023,COTTON,YANCEY,715.94855
2023,PEANUTS,ALAMANCE,2600.708
2023,PEANUTS,ALEXANDER,2218.9258
2023,PEANUTS,ALLEGHANY,2262.535
2023,PEANUTS,ANSON,2818.5715
2023,PEANUTS,ASHE,2833.1829
2023,PEANUTS,AVERY,2684.8503
2023,PEANUTS,BEAUFORT,2620.3909
2023,PEANUTS,BERTIE,3294.0266
2023,PEANUTS,BLADEN,3431.3826
2023,PEANUTS,BRUNSWICK,2621.903
2023,PEANUTS,BUNCOMBE,2204.702
2023,PEANUTS,BURKE,1707.4957
2023,PEANUTS,CABARRUS,2617.3113
2023,PEANUTS,CALDWELL,1288.7736
2023,PEANUTS,CAMDEN,2667.5632
2023,PEANUTS,CARTERET,1481.879
2023,PEANUTS,CASWELL,2394.186
2023,PEANUTS,CATAWBA,2383.5415
2023,PEANUTS,CHATHAM,3063.44
2023,PEANUTS,CHEROKEE,1568.2644
2023,PEANUTS,CHOWAN,3983.2744
2023,PEANUTS,CLAY,2285.018
2023,PEANUTS,CLEVELAND,2521.9368
2023,PEANUTS,COLUMBUS,3493.7239
2023,PEANUTS,CRAVEN,3070.041
2023,PEANUTS,CUMBERLAND,2590.1072
2023,PEANUTS,CURRITUCK,1727.0149
2023,PEANUTS,DARE,1786.8853
2023,PEANUTS,DAVIDSON,2128.7878
2023,PEANUTS,DAVIE,2880.2048
2023,PEANUTS,DUPLIN,2627.495
2023,PEANUTS,DURHAM,2504.1006
2023,PEANUTS,EDGECOMBE,2707.7988
2023,PEANUTS,FORSYTH,2576.4282
2023,PEANUTS,FRANKLIN,2463.483
2023,PEANUTS,GASTON,2771.7395
2023,PEANUTS,GATES,3936.3335
2023,PEANUTS,GRAHAM,1611.4083
2023,PEANUTS,GRANVILLE,3011.229
2023,PEANUTS,GREENE,2893.437
2023,PEANUTS,GUILFORD,2470.498
2023,PEANUTS,HALIFAX,3381.477
2023,PEANUTS,HARNETT,3073.6047
2023,PEANUTS,HAYWOOD,2003.4357
2023,PEANUTS,HENDERSON,2458.168
2023,PEANUTS,HERTFORD,3393.4873
2023,PEANUTS,HOKE,1132.505
2023,PEANUTS,HYDE,2868.13
2023,PEANUTS,IREDELL,2418.4758
2023,PEANUTS,JACKSON,2099.7297
2023,PEANUTS,JOHNSTON,2861.809
2023,PEANUTS,JONES,3037.7615
2023,PEANUTS,LEE,2945.0037
2023,PEANUTS,LENOIR,2397.955
2023,PEANUTS,LINCOLN,2566.0767
2023,PEANUTS,MACON,2092.5884
2023,PEANUTS,MADISON,2061.2732
2023,PEANUTS,MARTIN,3234.9702
2023,PEANUTS,MCDOWELL,2177.4624
2023,PEANUTS,MECKLENBURG,2845.6143
2023,PEANUTS,MITCHELL,1678.726
2023,PEANUTS,MONTGOMERY,2437.5952
2023,PEANUTS,MOORE,806.7427
2023,PEANUTS,NASH,3106.4758
2023,PEANUTS,NEW HANOVER,1557.8422
2023,PEANUTS,NORTHAMPTON,3124.3105
2023,PEANUTS,ONSLOW,2573.6191
2023,PEANUTS,ORANGE,2548.083
2023,PEANUTS,PAMLICO,2708.7703
2023,PEANUTS,PASQUOTANK,2730.4717
2023,PEANUTS,PENDER,2340.5603
2023,PEANUTS,PERQUIMANS,3312.2144
2023,PEANUTS,PERSON,2142.1716
2023,PEANUTS,PITT,3275.6455
2023,PEANUTS,POLK,2227.454
2023,PEANUTS,RANDOLPH,3019.562
2023,PEANUTS,RICHMOND,1168.0432
2023,PEANUTS,ROBESON,3228.309
2023,PEANUTS,ROCKINGHAM,2406.3337
2023,PEANUTS,ROWAN,2508.337
2023,PEANUTS,RUTHERFORD,2163.6428
2023,PEANUTS,SAMPSON,2566.443
2023,PEANUTS,SCOTLAND,2983.9104
2023,PEANUTS,STANLY,768.85736
2023,PEANUTS,STOKES,1506.3875
2023,PEANUTS,SURRY,1982.5858
2023,PEANUTS,SWAIN,2063.2048
2023,PEANUTS,TRANSYLVANIA,2167.7498
2023,PEANUTS,TYRRELL,2661.255
2023,PEANUTS,UNION,2191.7476
2023,PEANUTS,VANCE,2542.374
2023,PEANUTS,WAKE,2781.4104
2023,PEANUTS,WARREN,2790.6775
2023,PEANUTS,WASHINGTON,2952.8982
2023,PEANUTS,WATAUGA,2038.2799
2023,PEANUTS,WAYNE,3174.955
2023,PEANUTS,WILKES,2201.3984
2023,PEANUTS,WILSON,2804.2085
2023,PEANUTS,YADKIN,2414.1265
2023,PEANUTS,YANCEY,1742.2188
2023,SOYBEANS,ALAMANCE,2050.1614
2023,SOYBEANS,ALEXANDER,1695.2113
2023,SOYBEANS,ALLEGHANY,1399.7758
2023,SOYBEANS,ANSON,1919.1018
2023,SOYBEANS,ASHE,1711.3037
2023,SOYBEANS,AVERY,1538.4099
2023,SOYBEANS,BEAUFORT,2076.0176
2023,SOYBEANS,BERTIE,1955.04
2023,SOYBEANS,BLADEN,1648.7245
2023,SOYBEANS,BRUNSWICK,1644.9316
2023,SOYBEANS,BUNCOMBE,1777.9357
2023,SOYBEANS,BURKE,2007.5524
2023,SOYBEANS,CABARRUS,1660.7484
2023,SOYBEANS,CALDWELL,2119.409
2023,SOYBEANS,CAMDEN,2074.368
2023,SOYBEANS,CARTERET,2004.6061
2023,SOYBEANS,CASWELL,1640.1102
2023,SOYBEANS,CATAWBA,1965.6317
2023,SOYBEANS,CHATHAM,1916.0988
2023,SOYBEANS,CHEROKEE,2119.3958
2023,SOYBEANS,CHOWAN,2344.0757
2023,SOYBEANS,CLAY,2222.3118
2023,SOYBEANS,CLEVELAND,1482.0553
2023,SOYBEANS,COLUMBUS,1538.173
2023,SOYBEANS,CRAVEN,1858.4344
2023,SOYBEANS,CUMBERLAND,1767.217
2023,SOYBEANS,CURRITUCK,1913.1862
2023,SOYBEANS,DARE,1770.1913
2023,SOYBEANS,DAVIDSON,1994.5779
2023,SOYBEANS,DAVIE,2051.0535
2023,SOYBEANS,DUPLIN,1613.7
2023,SOYBEANS,DURHAM,1564.4136
2023,SOYBEANS,EDGECOMBE,1683.8256
2023,SOYBEANS,FORSYTH,1637.3186
2023,SOYBEANS,FRANKLIN,1590.1754
2023,SOYBEANS,GASTON,1777.872
2023,SOYBEANS,GATES,2029.6375
2023,SOYBEANS,GRAHAM,1720.6769
2023,SOYBEANS,GRANVILLE,1918.0148
2023,SOYBEANS,GREENE,1742.1654
2023,SOYBEANS,GUILFORD,1890.6736
2023,SOYBEANS,HALIFAX,1949.3789
2023,SOYBEANS,HARNETT,1586.858
2023,SOYBEANS,HAYWOOD,1259.2852
2023,SOYBEANS,HENDERSON,1458.9414
2023,SOYBEANS,HERTFORD,1777.5955
2023,SOYBEANS,HOKE,1512.3192
2023,SOYBEANS,HYDE,2358.1714
2023,SOYBEANS,IREDELL,1927.3788
2023,SOYBEANS,JACKSON,1982.4812
2023,SOYBEANS,JOHNSTON,1739.3583
2023,SOYBEANS,JONES,1824.9275
2023,SOYBEANS,LEE,1537.5575
2023,SOYBEANS,LENOIR,1859.45
2023,SOYBEANS,LINCOLN,1763.3712
2023,SOYBEANS,MACON,1569.7458
2023,SOYBEANS,MADISON,2160.2104
2023,SOYBEANS,MARTIN,1945.6282
2023,SOYBEANS,MCDOWELL,2143.2969
2023,SOYBEANS,MECKLENBURG,1886.276
2023,SOYBEANS,MITCHELL,1851.965
2023,SOYBEANS,MONTGOMERY,1515.0068
2023,SOYBEANS,MOORE,1714.6195
2023,SOYBEANS,NASH,1643.3597
2023,SOYBEANS,NEW HANOVER,1843.3401
2023,SOYBEANS,NORTHAMPTON,1906.2668
2023,SOYBEANS,ONSLOW,1922.6578
2023,SOYBEANS,ORANGE,1871.736
2023,SOYBEANS,PAMLICO,2344.1807
2023,SOYBEANS,PASQUOTANK,2010.6359
2023,SOYBEANS,PENDER,1735.1241
2023,SOYBEANS,PERQUIMANS,2142.8953
2023,SOYBEANS,PERSON,1719.877
2023,SOYBEANS,PITT,1782.4425
2023,SOYBEANS,POLK,1539.091
2023,SOYBEANS,RANDOLPH,1872.7164
2023,SOYBEANS,RICHMOND,1455.1294
2023,SOYBEANS,ROBESON,1787.4059
2023,SOYBEANS,ROCKINGHAM,1876.2117
2023,SOYBEANS,ROWAN,1986.7513
2023,SOYBEANS,RUTHERFORD,1693.5946
2023,SOYBEANS,SAMPSON,1851.2535
2023,SOYBEANS,SCOTLAND,1637.0104
2023,SOYBEANS,STANLY,1931.146
2023,SOYBEANS,STOKES,1696.9458
2023,SOYBEANS,SURRY,2438.58
2023,SOYBEANS,SWAIN,1627.937
2023,SOYBEANS,TRANSYLVANIA,1495.046
2023,SOYBEANS,TYRRELL,2344.1868
2023,SOYBEANS,UNION,2052.7908
2023,SOYBEANS,VANCE,1792.0162
2023,SOYBEANS,WAKE,1584.6764
2023,SOYBEANS,WARREN,1457.7244
2023,SOYBEANS,WASHINGTON,2303.9827
2023,SOYBEANS,WATAUGA,1494.6222
2023,SOYBEANS,WAYNE,1837.6625
2023,SOYBEANS,WILKES,2204.3403
2023,SOYBEANS,WILSON,1690.584
2023,SOYBEANS,YADKIN,2050.4297
2023,SOYBEANS,YANCEY,1860.9968
2023,WHEAT,ALAMANCE,5033.6206
2023,WHEAT,ALEXANDER,4276.824
2023,WHEAT,ALLEGHANY,2772.6978
2023,WHEAT,ANSON,4715.6978
2023,WHEAT,ASHE,880.56854
2023,WHEAT,AVERY,3729.4763
2023,WHEAT,BEAUFORT,5480.3174
2023,WHEAT,BERTIE,5983.673
2023,WHEAT,BLADEN,4533.1084
2023,WHEAT,BRUNSWICK,4726.869
2023,WHEAT,BUNCOMBE,5265.0283
2023,WHEAT,BURKE,4192.6514
2023,WHEAT,CABARRUS,4612.8813
2023,WHEAT,CALDWELL,4584.5425
2023,WHEAT,CAMDEN,5737.8096
2023,WHEAT,CARTERET,5790.623
2023,WHEAT,CASWELL,5032.505
2023,WHEAT,CATAWBA,4869.216
2023,WHEAT,CHATHAM,5382.0312
2023,WHEAT,CHEROKEE,6215.9893
2023,WHEAT,CHOWAN,5840.674
2023,WHEAT,CLAY,6749.875
2023,WHEAT,CLEVELAND,4789.1973
2023,WHEAT,COLUMBUS,3982.9211
2023,WHEAT,CRAVEN,6400.167
2023,WHEAT,CUMBERLAND,4285.75
2023,WHEAT,CURRITUCK,5367.5786
2023,WHEAT,DARE,4646.619
2023,WHEAT,DAVIDSON,4063.697
2023,WHEAT,DAVIE,4429.0654
2023,WHEAT,DUPLIN,4841.795
2023,WHEAT,DURHAM,5556.3374
2023,WHEAT,EDGECOMBE,4409.702
2023,WHEAT,FORSYTH,3540.114
2023,WHEAT,FRANKLIN,5443.6978
2023,WHEAT,GASTON,4344.7837
2023,WHEAT,GATES,5703.9453
2023,WHEAT,GRAHAM,5976.944
2023,WHEAT,GRANVILLE,3451.641
2023,WHEAT,GREENE,4318.1436
2023,WHEAT,GUILFORD,3705.713
2023,WHEAT,HALIFAX,5440.0454
2023,WHEAT,HARNETT,4973.638
2023,WHEAT,HAYWOOD,2372.409
2023,WHEAT,HENDERSON,5478.996
2023,WHEAT,HERTFORD,6293.072
2023,WHEAT,HOKE,4936.0513
2023,WHEAT,HYDE,5717.045
2023,WHEAT,IREDELL,5226.033
2023,WHEAT,JACKSON,6142.2773
2023,WHEAT,JOHNSTON,4622.668
2023,WHEAT,JONES,4606.2725
2023,WHEAT,LEE,5563.1714
2023,WHEAT,LENOIR,4853.452
2023,WHEAT,LINCOLN,4603.6196
2023,WHEAT,MACON,6636.9595
2023,WHEAT,MADISON,5574.033
2023,WHEAT,MARTIN,5264.0225
2023,WHEAT,MCDOWELL,5227.3745
2023,WHEAT,MECKLENBURG,4868.523
2023,WHEAT,MITCHELL,6249.0312
2023,WHEAT,MONTGOMERY,5433.8784
2023,WHEAT,MOORE,4003.5715
2023,WHEAT,NASH,4791.1025
2023,WHEAT,NEW HANOVER,5825.171
2023,WHEAT,NORTHAMPTON,5693.928
2023,WHEAT,ONSLOW,4557.1177
2023,WHEAT,ORANGE,4658.3076
2023,WHEAT,PAMLICO,5211.014
2023,WHEAT,PASQUOTANK,6762.3306
2023,WHEAT,PENDER,6007.185
2023,WHEAT,PERQUIMANS,5686.9614
2023,WHEAT,PERSON,4653.483
2023,WHEAT,PITT,4521.338
2023,WHEAT,POLK,4862.316
2023,WHEAT,RANDOLPH,5225.176
2023,WHEAT,RICHMOND,4420.6562
2023,WHEAT,ROBESON,3708.1423
2023,WHEAT,ROCKINGHAM,4431.395
2023,WHEAT,ROWAN,4871.1216
2023,WHEAT,RUTHERFORD,4827.1714
2023,WHEAT,SAMPSON,4600.0503
2023,WHEAT,SCOTLAND,4992.385
2023,WHEAT,STANLY,4731.661
2023,WHEAT,STOKES,5416.646
2023,WHEAT,SURRY,5138.341
2023,WHEAT,SWAIN,5834.8745
2023,WHEAT,TRANSYLVANIA,6506.2715
2023,WHEAT,TYRRELL,6097.846
2023,WHEAT,UNION,4887.3467
2023,WHEAT,VANCE,4804.3765
2023,WHEAT,WAKE,4558.0527
2023,WHEAT,WARREN,5105.1597
2023,WHEAT,WASHINGTON,6005.769
2023,WHEAT,WATAUGA,4036.4321
2023,WHEAT,WAYNE,4832.942
2023,WHEAT,WILKES,4507.4087
2023,WHEAT,WILSON,5410.288
2023,WHEAT,YADKIN,4708.618
2023,WHEAT,YANCEY,3731.2935
2024,CORN,ALAMANCE,9245.545
2024,CORN,ALEXANDER,6350.506
2024,CORN,ALLEGHANY,16056.443
2024,CORN,ANSON,9158.187
2024,CORN,ASHE,9772.081
2024,CORN,AVERY,12162.57
2024,CORN,BEAUFORT,7371.999
2024,CORN,BERTIE,6923.751
2024,CORN,BLADEN,5842.935
2024,CORN,BRUNSWICK,4931.473
2024,CORN,BUNCOMBE,12092.877
2024,CORN,BURKE,9576.775
2024,CORN,CABARRUS,14055.608
2024,CORN,CALDWELL,8905.963
2024,CORN,CAMDEN,8280.9375
2024,CORN,CARTERET,6452.1255
2024,CORN,CASWELL,7861.1875
2024,CORN,CATAWBA,13759.986
2024,CORN,CHATHAM,13150.153
2024,CORN,CHEROKEE,10818.225
2024,CORN,CHOWAN,9237.256
2024,CORN,CLAY,8287.139
2024,CORN,CLEVELAND,20142.098
2024,CORN,COLUMBUS,8418.151
2024,CORN,CRAVEN,7616.4746
2024,CORN,CUMBERLAND,6278.213
2024,CORN,CURRITUCK,7265.86
2024,CORN,DARE,9151.493
2024,CORN,DAVIDSON,16959.93
2024,CORN,DAVIE,8885.673
2024,CORN,DUPLIN,4774.571
2024,CORN,DURHAM,12422.386
2024,CORN,EDGECOMBE,5785.8057
2024,CORN,FORSYTH,12605.604
2024,CORN,FRANKLIN,11545.658
2024,CORN,GASTON,17224.713
2024,CORN,GATES,5788.5396
2024,CORN,GRAHAM,6619.6543
2024,CORN,GRANVILLE,5548.212
2024,CORN,GREENE,5994.852
2024,CORN,GUILFORD,13329.71
2024,CORN,HALIFAX,6749.164
2024,CORN,HARNETT,6310.0444
2024,CORN,HAYWOOD,11526.606
2024,CORN,HENDERSON,21142.05
2024,CORN,HERTFORD,5596.111
2024,CORN,HOKE,5615.8867
2024,CORN,HYDE,8249.105
2024,CORN,IREDELL,17639.486
2024,CORN,JACKSON,16668.26
2024,CORN,JOHNSTON,2193.216
2024,CORN,JONES,6033.387
2024,CORN,LEE,3278.212
2024,CORN,LENOIR,7721.9443
2024,CORN,LINCOLN,12450.452
2024,CORN,MACON,8326.098
2024,CORN,MADISON,7964.605
2024,CORN,MARTIN,6706.7827
2024,CORN,MCDOWELL,15188.103
2024,CORN,MECKLENBURG,13782.262
2024,CORN,MITCHELL,12778.891
2024,CORN,MONTGOMERY,15047.512
2024,CORN,MOORE,7408.4414
2024,CORN,NASH,8186.301
2024,CORN,NEW HANOVER,7535.365
2024,CORN,NORTHAMPTON,5505.415
2024,CORN,ONSLOW,5903.2783
2024,CORN,ORANGE,10547.834
2024,CORN,PAMLICO,7560.3965
2024,CORN,PASQUOTANK,7585.6245
2024,CORN,PENDER,7259.7817
2024,CORN,PERQUIMANS,7178.6895
2024,CORN,PERSON,13248.493
2024,CORN,PITT,6050.9565
2024,CORN,POLK,11232.266
2024,CORN,RANDOLPH,9699.211
2024,CORN,RICHMOND,5279.2007
2024,CORN,ROBESON,7120.465
2024,CORN,ROCKINGHAM,12602.918
2024,CORN,ROWAN,22552.92
2024,CORN,RUTHERFORD,15471.279
2024,CORN,SAMPSON,7959.949
2024,CORN,SCOTLAND,5533.096
2024,CORN,STANLY,21132.5
2024,CORN,STOKES,16541.426
2024,CORN,SURRY,17762.723
2024,CORN,SWAIN,17217.15
2024,CORN,TRANSYLVANIA,28612.873
2024,CORN,TYRRELL,7778.7896
2024,CORN,UNION,16020.229
2024,CORN,VANCE,12000.614
2024,CORN,WAKE,17250.072
2024,CORN,WARREN,12863.476
2024,CORN,WASHINGTON,7338.7485
2024,CORN,WATAUGA,16023.348
2024,CORN,WAYNE,8334.4795
2024,CORN,WILKES,13822.817
2024,CORN,WILSON,4738.7524
2024,CORN,YADKIN,13146.581
2024,CORN,YANCEY,9519.994
2024,COTTON,ALAMANCE,661.4251
2024,COTTON,ALEXANDER,601.0311
2024,COTTON,ALLEGHANY,661.74475
2024,COTTON,ANSON,723.61804
2024,COTTON,ASHE,666.41125
2024,COTTON,AVERY,672.29254
2024,COTTON,BEAUFORT,762.61017
2024,COTTON,BERTIE,580.75824
2024,COTTON,BLADEN,512.55634
2024,COTTON,BRUNSWICK,529.8235
2024,COTTON,BUNCOMBE,653.02466
2024,COTTON,BURKE,701.08813
2024,COTTON,CABARRUS,702.05457
2024,COTTON,CALDWELL,692.99335
2024,COTTON,CAMDEN,573.7259
2024,COTTON,CARTERET,680.90155
2024,COTTON,CASWELL,602.33563
2024,COTTON,CATAWBA,742.17883
2024,COTTON,CHATHAM,638.2374
2024,COTTON,CHEROKEE,701.32306
2024,COTTON,CHOWAN,874.9992
2024,COTTON,CLAY,663.3805
2024,COTTON,CLEVELAND,722.9587
2024,COTTON,COLUMBUS,689.6308
2024,COTTON,CRAVEN,615.8365
2024,COTTON,CUMBERLAND,590.4062
2024,COTTON,CURRITUCK,613.61926
2024,COTTON,DARE,804.0522
2024,COTTON,DAVIDSON,682.78326
2024,COTTON,DAVIE,499.9131
2024,COTTON,DUPLIN,610.40985
2024,COTTON,DURHAM,548.4533
2024,COTTON,EDGECOMBE,574.1528
2024,COTTON,FORSYTH,557.06836
2024,COTTON,FRANKLIN,541.95764
2024,COTTON,GASTON,643.63007
2024,COTTON,GATES,780.68225
2024,COTTON,GRAHAM,676.6626
2024,COTTON,GRANVILLE,636.3669
2024,COTTON,GREENE,601.5069
2024,COTTON,GUILFORD,609.1568
2024,COTTON,HALIFAX,819.57007
2024,COTTON,HARNETT,640.788
2024,COTTON,HAYWOOD,702.87885
2024,COTTON,HENDERSON,609.40094
2024,COTTON,HERTFORD,680.85675
2024,COTTON,HOKE,735.2838
2024,COTTON,HYDE,904.1237
2024,COTTON,IREDELL,645.52295
2024,COTTON,JACKSON,608.9211
2024,COTTON,JOHNSTON,656.68585
2024,COTTON,JONES,665.0095
2024,COTTON,LEE,576.4844
2024,COTTON,LENOIR,626.3327
2024,COTTON,LINCOLN,611.37805
2024,COTTON,MACON,662.8212
2024,COTTON,MADISON,762.68604
2024,COTTON,MARTIN,725.17914
2024,COTTON,MCDOWELL,639.2272
2024,COTTON,MECKLENBURG,730.2641
2024,COTTON,MITCHELL,653.7626
2024,COTTON,MONTGOMERY,728.2389
2024,COTTON,MOORE,706.84045
2024,COTTON,NASH,597.4147
2024,COTTON,NEW HANOVER,672.9451
2024,COTTON,NORTHAMPTON,744.5669
2024,COTTON,ONSLOW,527.24744
2024,COTTON,ORANGE,640.38995
2024,COTTON,PAMLICO,685.1951
2024,COTTON,PASQUOTANK,772.781
2024,COTTON,PENDER,498.38275
2024,COTTON,PERQUIMANS,789.70953
2024,COTTON,PERSON,600.6451
2024,COTTON,PITT,602.6172
2024,COTTON,POLK,639.3391
2024,COTTON,RANDOLPH,847.68445
2024,COTTON,RICHMOND,679.1002
2024,COTTON,ROBESON,669.45056
2024,COTTON,ROCKINGHAM,590.7431
2024,COTTON,ROWAN,597.0351
2024,COTTON,RUTHERFORD,658.272
2024,COTTON,SAMPSON,438.20978
2024,COTTON,SCOTLAND,558.50934
2024,COTTON,STANLY,839.15063
2024,COTTON,STOKES,708.1077
2024,COTTON,SURRY,623.44836
2024,COTTON,SWAIN,688.7674
2024,COTTON,TRANSYLVANIA,707.2593
2024,COTTON,TYRRELL,998.77124
2024,COTTON,UNION,740.47064
2024,COTTON,VANCE,567.7528
2024,COTTON,WAKE,542.7153
2024,COTTON,WARREN,618.66766
2024,COTTON,WASHINGTON,825.0069
2024,COTTON,WATAUGA,692.43634
2024,COTTON,WAYNE,496.5235
2024,COTTON,WILKES,640.48456
2024,COTTON,WILSON,588.2164
2024,COTTON,YADKIN,560.3114
2024,COTTON,YANCEY,706.1781
2024,PEANUTS,ALAMANCE,3145.5894
2024,PEANUTS,ALEXANDER,2666.1726
2024,PEANUTS,ALLEGHANY,2039.0675
2024,PEANUTS,ANSON,3291.2422
2024,PEANUTS,ASHE,2776.6946
2024,PEANUTS,AVERY,2716.5554
2024,PEANUTS,BEAUFORT,2849.3635
2024,PEANUTS,BERTIE,3289.2915
2024,PEANUTS,BLADEN,3558.555
2024,PEANUTS,BRUNSWICK,2624.0125
2024,PEANUTS,BUNCOMBE,2115.4102
2024,PEANUTS,BURKE,1402.6531
2024,PEANUTS,CABARRUS,2912.9397
2024,PEANUTS,CALDWELL,1231.4385
2024,PEANUTS,CAMDEN,2601.5686
2024,PEANUTS,CARTERET,1641.9824
2024,PEANUTS,CASWELL,2953.9102
2024,PEANUTS,CATAWBA,3127.2498
2024,PEANUTS,CHATHAM,2947.7068
2024,PEANUTS,CHEROKEE,1308.5448
2024,PEANUTS,CHOWAN,4320.3643
2024,PEANUTS,CLAY,2165.1506
2024,PEANUTS,CLEVELAND,2832.4138
2024,PEANUTS,COLUMBUS,3863.3074
2024,PEANUTS,CRAVEN,3413.6565
2024,PEANUTS,CUMBERLAND,3098.1138
2024,PEANUTS,CURRITUCK,2480.9192
2024,PEANUTS,DARE,1776.753
2024,PEANUTS,DAVIDSON,2601.776
2024,PEANUTS,DAVIE,3416.016
2024,PEANUTS,DUPLIN,2944.788
2024,PEANUTS,DURHAM,2789.6865
2024,PEANUTS,EDGECOMBE,3424.7517
2024,PEANUTS,FORSYTH,2738.6543
2024,PEANUTS,FRANKLIN,2768.4902
2024,PEANUTS,GASTON,2856.0205
2024,PEANUTS,GATES,4297.21
2024,PEANUTS,GRAHAM,1550.9531
2024,PEANUTS,GRANVILLE,3752.4258
2024,PEANUTS,GREENE,3522.0872
2024,PEANUTS,GUILFORD,2607.674
2024,PEANUTS,HALIFAX,3854.0962
2024,PEANUTS,HARNETT,3326.1665
2024,PEANUTS,HAYWOOD,2151.4822
2024,PEANUTS,HENDERSON,2471.6267
2024,PEANUTS,HERTFORD,3810.7935
2024,PEANUTS,HOKE,1485.1827
2024,PEANUTS,HYDE,2428.8206
2024,PEANUTS,IREDELL,2867.4417
2024,PEANUTS,JACKSON,1244.0463
2024,PEANUTS,JOHNSTON,3438.148
2024,PEANUTS,JONES,3448.9875
2024,PEANUTS,LEE,3194.8743
2024,PEANUTS,LENOIR,2711.2415
2024,PEANUTS,LINCOLN,2424.1199
2024,PEANUTS,MACON,1255.4213
2024,PEANUTS,MADISON,1920.6194
2024,PEANUTS,MARTIN,3515.496
2024,PEANUTS,MCDOWELL,2201.5732
2024,PEANUTS,MECKLENBURG,3093.9832
2024,PEANUTS,MITCHELL,1677.8654
2024,PEANUTS,MONTGOMERY,2714.3706
2024,PEANUTS,MOORE,1110.7048
2024,PEANUTS,NASH,3220.1323
2024,PEANUTS,NEW HANOVER,1685.2778
2024,PEANUTS,NORTHAMPTON,3374.2676
2024,PEANUTS,ONSLOW,2353.3142
2024,PEANUTS,ORANGE,3040.413
2024,PEANUTS,PAMLICO,2493.7795
2024,PEANUTS,PASQUOTANK,2739.777
2024,PEANUTS,PENDER,1787.4634
2024,PEANUTS,PERQUIMANS,3901.3667
2024,PEANUTS,PERSON,2466.725
2024,PEANUTS,PITT,3661.708
2024,PEANUTS,POLK,2875.4827
2024,PEANUTS,RANDOLPH,4043.3943
2024,PEANUTS,RICHMOND,1105.7603
2024,PEANUTS,ROBESON,3235.7402
2024,PEANUTS,ROCKINGHAM,2731.6306
2024,PEANUTS,ROWAN,2810.1125
2024,PEANUTS,RUTHERFORD,2307.6309
2024,PEANUTS,SAMPSON,2920.5142
2024,PEANUTS,SCOTLAND,3455.515
2024,PEANUTS,STANLY,1330.5685
2024,PEANUTS,STOKES,1955.7874
2024,PEANUTS,SURRY,1946.8927
2024,PEANUTS,SWAIN,2303.8167
2024,PEANUTS,TRANSYLVANIA,2335.8452
2024,PEANUTS,TYRRELL,2535.4417
2024,PEANUTS,UNION,2616.66
2024,PEANUTS,VANCE,2720.3127
2024,PEANUTS,WAKE,3138.6204
2024,PEANUTS,WARREN,2575.7246
2024,PEANUTS,WASHINGTON,3346.0996
2024,PEANUTS,WATAUGA,2306.996
2024,PEANUTS,WAYNE,3515.969
2024,PEANUTS,WILKES,2373.9077
2024,PEANUTS,WILSON,3457.4668
2024,PEANUTS,YADKIN,2510.8525
2024,PEANUTS,YANCEY,1702.4832
2024,SOYBEANS,ALAMANCE,2018.1112
2024,SOYBEANS,ALEXANDER,2071.022
2024,SOYBEANS,ALLEGHANY,1663.8165
2024,SOYBEANS,ANSON,2093.334
2024,SOYBEANS,ASHE,1643.0924
2024,SOYBEANS,AVERY,1508.926
2024,SOYBEANS,BEAUFORT,2379.7554
2024,SOYBEANS,BERTIE,1603.08
2024,SOYBEANS,BLADEN,1536.1083
2024,SOYBEANS,BRUNSWICK,1635.3705
2024,SOYBEANS,BUNCOMBE,1908.7598
2024,SOYBEANS,BURKE,1988.2855
2024,SOYBEANS,CABARRUS,1981.2142
2024,SOYBEANS,CALDWELL,1919.6428
2024,SOYBEANS,CAMDEN,2393.065
2024,SOYBEANS,CARTERET,1668.1929
2024,SOYBEANS,CASWELL,1536.2589
2024,SOYBEANS,CATAWBA,2173.2637
2024,SOYBEANS,CHATHAM,1578.5653
2024,SOYBEANS,CHEROKEE,1933.5873
2024,SOYBEANS,CHOWAN,2622.5715
2024,SOYBEANS,CLAY,2231.237
2024,SOYBEANS,CLEVELAND,1930.0746
2024,SOYBEANS,COLUMBUS,1835.2771
2024,SOYBEANS,CRAVEN,1669.1005
2024,SOYBEANS,CUMBERLAND,1813.8121
2024,SOYBEANS,CURRITUCK,2071.8098
2024,SOYBEANS,DARE,1755.439
2024,SOYBEANS,DAVIDSON,1997.847
2024,SOYBEANS,DAVIE,1869.8275
2024,SOYBEANS,DUPLIN,1652.0956
2024,SOYBEANS,DURHAM,1482.8668
2024,SOYBEANS,EDGECOMBE,1847.3451
2024,SOYBEANS,FORSYTH,1619.4833
2024,SOYBEANS,FRANKLIN,1302.3798
2024,SOYBEANS,GASTON,2032.4885
2024,SOYBEANS,GATES,2286.893
2024,SOYBEANS,GRAHAM,1918.4438
2024,SOYBEANS,GRANVILLE,1999.4471
2024,SOYBEANS,GREENE,2117.6743
2024,SOYBEANS,GUILFORD,2080.0989
2024,SOYBEANS,HALIFAX,2060.3608
2024,SOYBEANS,HARNETT,1616.0133
2024,SOYBEANS,HAYWOOD,1397.864
2024,SOYBEANS,HENDERSON,2366.9175
2024,SOYBEANS,HERTFORD,2009.2471
2024,SOYBEANS,HOKE,1757.9698
2024,SOYBEANS,HYDE,2812.3845
2024,SOYBEANS,IREDELL,2401.7017
2024,SOYBEANS,JACKSON,1795.4547
2024,SOYBEANS,JOHNSTON,1750.6848
2024,SOYBEANS,JONES,1770.8153
2024,SOYBEANS,LEE,1389.104
2024,SOYBEANS,LENOIR,1903.799
2024,SOYBEANS,LINCOLN,2012.2458
2024,SOYBEANS,MACON,1614.7819
2024,SOYBEANS,MADISON,2403.6172
2024,SOYBEANS,MARTIN,1843.7009
2024,SOYBEANS,MCDOWELL,1874.3931
2024,SOYBEANS,MECKLENBURG,2080.9775
2024,SOYBEANS,MITCHELL,2012.5419
2024,SOYBEANS,MONTGOMERY,1953.7874
2024,SOYBEANS,MOORE,1819.0154
2024,SOYBEANS,NASH,1715.259
2024,SOYBEANS,NEW HANOVER,1819.8365
2024,SOYBEANS,NORTHAMPTON,1920.287
2024,SOYBEANS,ONSLOW,1783.3809
2024,SOYBEANS,ORANGE,1869.0134
2024,SOYBEANS,PAMLICO,2390.9773
2024,SOYBEANS,PASQUOTANK,2014.1199
2024,SOYBEANS,PENDER,1717.5093
2024,SOYBEANS,PERQUIMANS,2488.2434
2024,SOYBEANS,PERSON,1693.3741
2024,SOYBEANS,PITT,1835.8649
2024,SOYBEANS,POLK,1660.9154
2024,SOYBEANS,RANDOLPH,2052.0662
2024,SOYBEANS,RICHMOND,1729.9642
2024,SOYBEANS,ROBESON,1812.1166
2024,SOYBEANS,ROCKINGHAM,2039.6196
2024,SOYBEANS,ROWAN,2339.894
2024,SOYBEANS,RUTHERFORD,1916.4073
2024,SOYBEANS,SAMPSON,1690.1934
2024,SOYBEANS,SCOTLAND,1735.0975
2024,SOYBEANS,STANLY,2137.209
2024,SOYBEANS,STOKES,1756.8517
2024,SOYBEANS,SURRY,2327.625
2024,SOYBEANS,SWAIN,2067.1765
2024,SOYBEANS,TRANSYLVANIA,2291.3123
2024,SOYBEANS,TYRRELL,2816.611
2024,SOYBEANS,UNION,2215.7131
2024,SOYBEANS,VANCE,1561.4893
2024,SOYBEANS,WAKE,1668.1267
2024,SOYBEANS,WARREN,1487.5662
2024,SOYBEANS,WASHINGTON,2559.5244
2024,SOYBEANS,WATAUGA,1410.7817
2024,SOYBEANS,WAYNE,1642.3864
2024,SOYBEANS,WILKES,1960.1189
2024,SOYBEANS,WILSON,1711.9788
2024,SOYBEANS,YADKIN,2087.7515
2024,SOYBEANS,YANCEY,1871.1544
2024,WHEAT,ALAMANCE,3989.7036
2024,WHEAT,ALEXANDER,3990.9778
2024,WHEAT,ALLEGHANY,2761.6033
2024,WHEAT,ANSON,4888.811
2024,WHEAT,ASHE,5332.502
2024,WHEAT,AVERY,3691.6797
2024,WHEAT,BEAUFORT,4410.2144
2024,WHEAT,BERTIE,5426.439
2024,WHEAT,BLADEN,4644.7705
2024,WHEAT,BRUNSWICK,3537.8428
2024,WHEAT,BUNCOMBE,6247.9985
2024,WHEAT,BURKE,4615.8784
2024,WHEAT,CABARRUS,3327.4578
2024,WHEAT,CALDWELL,4845.895
2024,WHEAT,CAMDEN,4308.9736
2024,WHEAT,CARTERET,5510.68
2024,WHEAT,CASWELL,4762.885
2024,WHEAT,CATAWBA,3636.3591
2024,WHEAT,CHATHAM,4783.5728
2024,WHEAT,CHEROKEE,5597.4355
2024,WHEAT,CHOWAN,4389.8525
2024,WHEAT,CLAY,6470.343
2024,WHEAT,CLEVELAND,4008.0017
2024,WHEAT,COLUMBUS,4123.9146
2024,WHEAT,CRAVEN,4207.282
2024,WHEAT,CUMBERLAND,3915.8928
2024,WHEAT,CURRITUCK,4888.6514
2024,WHEAT,DARE,4365.3525
2024,WHEAT,DAVIDSON,3308.9333
2024,WHEAT,DAVIE,4283.709
2024,WHEAT,DUPLIN,3253.5398
2024,WHEAT,DURHAM,3522.231
2024,WHEAT,EDGECOMBE,3559.6465
2024,WHEAT,FORSYTH,2958.5886
2024,WHEAT,FRANKLIN,4024.5732
2024,WHEAT,GASTON,3842.7563
2024,WHEAT,GATES,3640.8064
2024,WHEAT,GRAHAM,5778.2207
2024,WHEAT,GRANVILLE,3646.6226
2024,WHEAT,GREENE,2886.604
2024,WHEAT,GUILFORD,2991.683
2024,WHEAT,HALIFAX,4873.52
2024,WHEAT,HARNETT,3737.8542
2024,WHEAT,HAYWOOD,6558.454
2024,WHEAT,HENDERSON,6181.282
2024,WHEAT,HERTFORD,4512.8096
2024,WHEAT,HOKE,3150.9458
2024,WHEAT,HYDE,3621.9922
2024,WHEAT,IREDELL,4504.248
2024,WHEAT,JACKSON,6066.406
2024,WHEAT,JOHNSTON,4799.6646
2024,WHEAT,JONES,3690.8794
2024,WHEAT,LEE,5278.0693
2024,WHEAT,LENOIR,3133.9377
2024,WHEAT,LINCOLN,4053.081
2024,WHEAT,MACON,5921.496
2024,WHEAT,MADISON,5221.1772
2024,WHEAT,MARTIN,3833.2488
2024,WHEAT,MCDOWELL,4354.679
2024,WHEAT,MECKLENBURG,3873.0857
2024,WHEAT,MITCHELL,7022.3447
2024,WHEAT,MONTGOMERY,4464.2793
2024,WHEAT,MOORE,3995.2249
2024,WHEAT,NASH,5049.763
2024,WHEAT,NEW HANOVER,4034.4185
2024,WHEAT,NORTHAMPTON,4317.107
2024,WHEAT,ONSLOW,3371.9238
2024,WHEAT,ORANGE,4277.8984
2024,WHEAT,PAMLICO,3884.5327
2024,WHEAT,PASQUOTANK,4154.7017
2024,WHEAT,PENDER,3899.7236
2024,WHEAT,PERQUIMANS,3874.0247
2024,WHEAT,PERSON,4810.2515
2024,WHEAT,PITT,3366.8728
2024,WHEAT,POLK,4524.822
2024,WHEAT,RANDOLPH,3504.286
2024,WHEAT,RICHMOND,2794.1692
2024,WHEAT,ROBESON,3208.4624
2024,WHEAT,ROCKINGHAM,3385.5088
2024,WHEAT,ROWAN,4087.0186
2024,WHEAT,RUTHERFORD,4086.4805
2024,WHEAT,SAMPSON,2831.8218
2024,WHEAT,SCOTLAND,3253.2136
2024,WHEAT,STANLY,4356.4805
2024,WHEAT,STOKES,5366.12
2024,WHEAT,SURRY,4070.9216
2024,WHEAT,SWAIN,7446.224
2024,WHEAT,TRANSYLVANIA,6272.814
2024,WHEAT,TYRRELL,3577.9712
2024,WHEAT,UNION,3797.4607
2024,WHEAT,VANCE,3745.7173
2024,WHEAT,WAKE,4179.174
2024,WHEAT,WARREN,3721.1582
2024,WHEAT,WASHINGTON,3899.6782
2024,WHEAT,WATAUGA,3122.6301
2024,WHEAT,WAYNE,3239.0667
2024,WHEAT,WILKES,4566.046
2024,WHEAT,WILSON,4722.544
2024,WHEAT,YADKIN,4197.774
2024,WHEAT,YANCEY,7316.7354
